date,matchup,market_type,selection,model_prob,implied_prob,edge,risk,status,result,stake_pct,stake_amount
2026-08-04,,moneyline,Baltimore Orioles gana (ML),0.7958,0.9384,-0.1426,🟢 Riesgo bajo,win,1-3,,
2026-08-04,,total_over,Over 4.5,0.9632,0.2254,0.7378,🟢 Riesgo bajo,loss,1-3,,
2026-08-04,,moneyline,Cleveland Guardians gana (ML),0.5175,0.0353,0.4822,🟢 Riesgo bajo,loss,6-2,,
2026-08-04,,total_under,Under 8.5,0.6811,0.4112,0.2699,🟢 Riesgo bajo,win,6-2,,
2026-08-04,,moneyline,Cincinnati Reds gana (ML),0.5075,0.3091,0.1984,🟢 Riesgo bajo,win,4-5,,
2026-08-04,,total_under,Under 8.5,0.5507,0.4287,0.122,🟢 Riesgo bajo,loss,4-5,,
2026-08-04,,moneyline,Philadelphia Phillies gana (ML),0.7631,,,🟢 Riesgo bajo,win,0-5,,
2026-08-04,,total_over,Over 5.5,0.9557,0.243,0.7127,🟢 Riesgo bajo,loss,0-5,,
2026-08-04,,moneyline,New York Yankees gana (ML),0.5474,0.9105,-0.3631,🟢 Riesgo bajo,win,0-2,,
2026-08-04,,total_over,Over 3.5,0.9468,0.4785,0.4683,🟢 Riesgo bajo,loss,0-2,,
2026-08-04,,moneyline,Boston Red Sox gana (ML),0.5999,0.9647,-0.3648,🟢 Riesgo bajo,win,2-14,,
2026-08-04,,total_under,Under 11.5,0.8844,0.5052,0.3792,🟢 Riesgo bajo,loss,2-14,,
2026-08-04,,moneyline,Atlanta Braves gana (ML),0.6693,0.7971,-0.1278,🟢 Riesgo bajo,win,2-4,,
2026-08-04,,total_over,Over 3.5,0.9736,0.4007,0.5729,🟢 Riesgo bajo,win,2-4,,
2026-08-04,,moneyline,Kansas City Royals gana (ML),0.5695,0.6211,-0.0516,🔴 Riesgo alto,win,2-8,,
2026-08-04,,total_under,Under 8.5,0.7844,0.4904,0.294,🟢 Riesgo bajo,loss,2-8,,
2026-08-04,,moneyline,Milwaukee Brewers gana (ML),0.6932,0.8219,-0.1287,🟢 Riesgo bajo,win,2-4,,
2026-08-04,,total_over,Over 7.5,0.5428,0.5029,0.0399,🔴 Riesgo alto,loss,2-4,,
2026-08-04,,moneyline,Los Angeles Dodgers gana (ML),0.525,0.6658,-0.1408,🟢 Riesgo bajo,loss,1-5,,
2026-08-04,,total_over,Over 7.5,0.6066,0.4864,0.1202,🟢 Riesgo bajo,loss,1-5,,
2026-08-04,,moneyline,San Francisco Giants gana (ML),0.6213,0.1691,0.4522,🟢 Riesgo bajo,loss,4-5,,
2026-08-04,,total_over,Over 8.5,0.5271,0.5157,0.0114,🔴 Riesgo alto,win,4-5,,
2026-08-04,,moneyline,Houston Astros gana (ML),0.6626,0.6181,0.0445,🔴 Riesgo alto,win,2-7,,
2026-08-04,,total_over,Over 6.5,0.6805,0.4864,0.1941,🟢 Riesgo bajo,win,2-7,,
2026-08-04,,moneyline,Colorado Rockies gana (ML),0.6857,0.433,0.2527,🟢 Riesgo bajo,loss,9-7,,
2026-08-04,,total_under,Under 10.5,0.6453,0.5078,0.1375,🟢 Riesgo bajo,loss,9-7,,
2026-08-04,,moneyline,Arizona Diamondbacks gana (ML),0.6995,0.5256,0.1739,🟢 Riesgo bajo,loss,9-4,,
2026-08-04,,total_under,Under 9.0,0.7004,0.5217,0.1787,🟢 Riesgo bajo,loss,9-4,,
2026-08-04,,moneyline,Detroit Tigers gana (ML),0.6932,0.4657,0.2275,🟢 Riesgo bajo,win,8-0,,
2026-08-04,,total_under,Under 7.5,0.5261,0.4783,0.0478,🔴 Riesgo alto,loss,8-0,,
2026-08-05,,moneyline,Houston Astros gana (ML),0.8146,0.6327,0.1819,🟢 Riesgo bajo,loss,5-4,,
2026-08-05,,total_over,Over 8.0,0.6419,0.5132,0.1287,🟢 Riesgo bajo,win,5-4,,
2026-08-05,,moneyline,Chicago Cubs gana (ML),0.5341,0.5397,-0.0056,🔴 Riesgo alto,win,6-7,,
2026-08-05,,total_under,Under 9.5,0.5257,0.5055,0.0202,🔴 Riesgo alto,loss,6-7,,
2026-08-05,,moneyline,Texas Rangers gana (ML),0.5047,0.6178,-0.1131,🟡 Riesgo medio,win,0-6,,
2026-08-05,,total_over,Over 8.5,0.6535,0.4783,0.1752,🟢 Riesgo bajo,loss,0-6,,
2026-08-05,,moneyline,Tampa Bay Rays gana (ML),0.5842,0.5996,-0.0154,🔴 Riesgo alto,win,4-0,,
2026-08-05,,total_under,Under 11.5,0.8201,0.5,0.3201,🟢 Riesgo bajo,win,4-0,,
2026-08-05,,moneyline,Baltimore Orioles gana (ML),0.704,0.5378,0.1662,🟢 Riesgo bajo,win,2-5,,
2026-08-05,,total_under,Under 8.0,0.5814,0.5108,0.0706,🟡 Riesgo medio,win,2-5,,
2026-08-05,,moneyline,New York Mets gana (ML),0.583,0.4963,0.0867,🟡 Riesgo medio,win,6-5,,
2026-08-05,,total_under,Under 8.0,0.7611,0.5152,0.2459,🟢 Riesgo bajo,loss,6-5,,
2026-08-05,,moneyline,Cincinnati Reds gana (ML),0.5224,0.5803,-0.0579,🔴 Riesgo alto,win,2-3,,
2026-08-05,,total_over,Over 9.5,0.5826,0.5152,0.0674,🟡 Riesgo medio,loss,2-3,,
2026-08-05,,moneyline,Washington Nationals gana (ML),0.5337,0.3645,0.1692,🟢 Riesgo bajo,win,10-4,,
2026-08-05,,total_over,Over 9.5,0.8024,0.4978,0.3046,🟢 Riesgo bajo,win,10-4,,
2026-08-05,,moneyline,New York Yankees gana (ML),0.6757,0.5932,0.0825,🟡 Riesgo medio,loss,3-1,,
2026-08-05,,total_under,Under 8.5,0.6413,0.4748,0.1665,🟢 Riesgo bajo,win,3-1,,
2026-08-05,,moneyline,Boston Red Sox gana (ML),0.6966,0.55,0.1466,🟢 Riesgo bajo,win,0-4,,
2026-08-05,,total_under,Under 8.5,0.6537,0.5055,0.1482,🟢 Riesgo bajo,win,0-4,,
2026-08-05,,moneyline,Atlanta Braves gana (ML),0.6522,0.5428,0.1094,🟡 Riesgo medio,win,1-4,,
2026-08-05,,total_under,Under 8.5,0.626,0.4748,0.1512,🟢 Riesgo bajo,win,1-4,,
2026-08-05,,moneyline,Kansas City Royals gana (ML),0.7197,0.528,0.1917,🟢 Riesgo bajo,win,1-2,,
2026-08-05,,total_over,Over 9.0,0.5754,0.4848,0.0906,🟡 Riesgo medio,loss,1-2,,
2026-08-05,,moneyline,Milwaukee Brewers gana (ML),0.5546,0.5491,0.0055,🔴 Riesgo alto,win,2-4,,
2026-08-05,,total_over,Over 7.0,0.5841,0.5304,0.0537,🔴 Riesgo alto,loss,2-4,,
2026-08-05,,moneyline,San Diego Padres gana (ML),0.6964,0.5367,0.1597,🟢 Riesgo bajo,loss,4-10,,
2026-08-05,,total_under,Under 9.0,0.5821,0.4892,0.0929,🟡 Riesgo medio,loss,4-10,,
2026-08-05,,moneyline,Detroit Tigers gana (ML),0.7427,0.4169,0.3258,🟢 Riesgo bajo,loss,2-4,,
2026-08-05,,total_over,Over 7.5,0.7456,0.5,0.2456,🟢 Riesgo bajo,loss,2-4,,
2026-08-05,,moneyline,Houston Astros gana (ML),0.8146,0.6602,0.1544,🟢 Riesgo bajo,loss,5-4,,
2026-08-05,,total_over,Over 8.0,0.6419,0.5217,0.1202,🟢 Riesgo bajo,win,5-4,,
2026-08-05,,moneyline,Chicago Cubs gana (ML),0.5341,0.5332,0.0009,🔴 Riesgo alto,win,6-7,,
2026-08-05,,total_under,Under 10.0,0.649,0.5108,0.1382,🟢 Riesgo bajo,loss,6-7,,
2026-08-05,,moneyline,Texas Rangers gana (ML),0.5047,0.6006,-0.0959,🟡 Riesgo medio,win,0-6,,
2026-08-05,,total_over,Over 8.5,0.6535,0.4797,0.1738,🟢 Riesgo bajo,loss,0-6,,
2026-08-05,,moneyline,Tampa Bay Rays gana (ML),0.5842,0.5996,-0.0154,🔴 Riesgo alto,win,4-0,,
2026-08-05,,total_under,Under 11.5,0.8201,0.5108,0.3093,🟢 Riesgo bajo,win,4-0,,
2026-08-05,,moneyline,Baltimore Orioles gana (ML),0.704,0.5332,0.1708,🟢 Riesgo bajo,win,2-5,,
2026-08-05,,total_under,Under 8.0,0.5814,0.5108,0.0706,🟡 Riesgo medio,win,2-5,,
2026-08-05,,moneyline,New York Mets gana (ML),0.583,0.4976,0.0854,🟡 Riesgo medio,win,6-5,,
2026-08-05,,total_under,Under 8.0,0.7611,0.5098,0.2513,🟢 Riesgo bajo,loss,6-5,,
2026-08-05,,moneyline,Cincinnati Reds gana (ML),0.5224,0.5845,-0.0621,🟡 Riesgo medio,win,2-3,,
2026-08-05,,total_over,Over 9.5,0.5826,0.512,0.0706,🟡 Riesgo medio,loss,2-3,,
2026-08-05,,moneyline,Washington Nationals gana (ML),0.5337,0.3621,0.1716,🟢 Riesgo bajo,win,10-4,,
2026-08-05,,total_over,Over 9.5,0.8024,0.4978,0.3046,🟢 Riesgo bajo,win,10-4,,
2026-08-05,,moneyline,New York Yankees gana (ML),0.6757,0.5961,0.0796,🟡 Riesgo medio,loss,3-1,,
2026-08-05,,total_under,Under 8.5,0.6413,0.4902,0.1511,🟢 Riesgo bajo,win,3-1,,
2026-08-05,,moneyline,Boston Red Sox gana (ML),0.6966,0.5509,0.1457,🟢 Riesgo bajo,win,0-4,,
2026-08-05,,total_under,Under 8.5,0.6537,0.5022,0.1515,🟢 Riesgo bajo,win,0-4,,
2026-08-05,,moneyline,Atlanta Braves gana (ML),0.6522,0.5357,0.1165,🟡 Riesgo medio,win,1-4,,
2026-08-05,,total_under,Under 8.5,0.626,0.4748,0.1512,🟢 Riesgo bajo,win,1-4,,
2026-08-05,,moneyline,Kansas City Royals gana (ML),0.7197,0.528,0.1917,🟢 Riesgo bajo,win,1-2,,
2026-08-05,,total_over,Over 8.5,0.6967,0.5217,0.175,🟢 Riesgo bajo,loss,1-2,,
2026-08-05,,moneyline,Milwaukee Brewers gana (ML),0.5546,0.5428,0.0118,🔴 Riesgo alto,win,2-4,,
2026-08-05,,total_over,Over 7.0,0.5841,0.5337,0.0504,🔴 Riesgo alto,loss,2-4,,
2026-08-05,,moneyline,San Diego Padres gana (ML),0.6964,0.5367,0.1597,🟢 Riesgo bajo,loss,4-10,,
2026-08-05,,total_under,Under 9.0,0.5821,0.4892,0.0929,🟡 Riesgo medio,loss,4-10,,
2026-08-05,,moneyline,Detroit Tigers gana (ML),0.7427,0.4138,0.3289,🟢 Riesgo bajo,loss,2-4,,
2026-08-05,,total_over,Over 7.5,0.7456,0.5108,0.2348,🟢 Riesgo bajo,loss,2-4,,
2026-08-06,,moneyline,Baltimore Orioles gana (ML),0.8183,0.6325,0.1858,🟢 Riesgo bajo,loss,4-1,,
2026-08-06,,total_under,Under 9.5,0.5835,0.5,0.0835,🟡 Riesgo medio,win,4-1,,
2026-08-06,,moneyline,Cincinnati Reds gana (ML),0.5237,0.6049,-0.0812,🟡 Riesgo medio,win,5-6,,
2026-08-06,,total_under,Under 9.5,0.5848,0.5108,0.074,🟡 Riesgo medio,loss,5-6,,
2026-08-06,,moneyline,New York Mets gana (ML),0.5075,0.4776,0.0299,🔴 Riesgo alto,win,13-6,,
2026-08-06,,total_under,Under 7.5,0.6581,0.5108,0.1473,🟢 Riesgo bajo,loss,13-6,,
2026-08-06,,moneyline,Milwaukee Brewers gana (ML),0.9135,0.5469,0.3666,🟢 Riesgo bajo,win,2-5,,
2026-08-06,,total_under,Under 7.5,0.5643,0.5,0.0643,🟡 Riesgo medio,win,2-5,,
2026-08-06,,moneyline,Toronto Blue Jays gana (ML),0.5769,0.5199,0.057,🔴 Riesgo alto,no_data,,,
2026-08-06,,total_under,Under 7.5,0.8482,0.5108,0.3374,🟢 Riesgo bajo,no_data,,,
2026-08-06,,moneyline,Detroit Tigers gana (ML),0.5399,0.4582,0.0817,🟡 Riesgo medio,win,11-0,,
2026-08-06,,total_under,Under 7.5,0.8401,0.4675,0.3726,🟢 Riesgo bajo,loss,11-0,,
2026-08-06,,moneyline,Philadelphia Phillies gana (ML),0.8069,0.7521,0.0548,🔴 Riesgo alto,win,3-7,,
2026-08-06,,total_under,Under 8.5,0.5737,0.4786,0.0951,🟡 Riesgo medio,loss,3-7,,
2026-08-06,,moneyline,Boston Red Sox gana (ML),0.7647,0.6296,0.1351,🟢 Riesgo bajo,win,11-12,,
2026-08-06,,total_under,Under 9.0,0.5414,0.5217,0.0197,🔴 Riesgo alto,loss,11-12,,
2026-08-06,,moneyline,Atlanta Braves gana (ML),0.5412,0.5725,-0.0313,🔴 Riesgo alto,win,3-11,,
2026-08-06,,total_under,Under 9.0,0.6941,0.4783,0.2158,🟢 Riesgo bajo,loss,3-11,,
2026-08-06,,moneyline,Kansas City Royals gana (ML),0.8924,0.5341,0.3583,🟢 Riesgo bajo,loss,4-3,,
2026-08-06,,total_under,Under 9.0,0.6711,0.5217,0.1494,🟢 Riesgo bajo,win,4-3,,
2026-08-06,,moneyline,San Diego Padres gana (ML),0.5338,0.5085,0.0253,🔴 Riesgo alto,win,5-1,,
2026-08-06,,total_under,Under 9.0,0.5875,0.5,0.0875,🟡 Riesgo medio,win,5-1,,
2026-08-06,,moneyline,Baltimore Orioles gana (ML),0.8183,0.6409,0.1774,🟢 Riesgo bajo,loss,4-1,,
2026-08-06,,total_under,Under 9.5,0.5835,0.4892,0.0943,🟡 Riesgo medio,win,4-1,,
2026-08-06,,moneyline,Cincinnati Reds gana (ML),0.5237,0.6096,-0.0859,🟡 Riesgo medio,win,5-6,,
2026-08-06,,total_under,Under 9.5,0.5848,0.5108,0.074,🟡 Riesgo medio,loss,5-6,,
2026-08-06,,moneyline,New York Mets gana (ML),0.5075,0.4605,0.047,🔴 Riesgo alto,win,13-6,,
2026-08-06,,total_under,Under 7.5,0.6581,0.5217,0.1364,🟢 Riesgo bajo,loss,13-6,,
2026-08-06,,moneyline,Milwaukee Brewers gana (ML),0.9135,0.5428,0.3707,🟢 Riesgo bajo,win,2-5,,
2026-08-06,,total_under,Under 7.5,0.5643,0.4892,0.0751,🟡 Riesgo medio,win,2-5,,
2026-08-06,,moneyline,Toronto Blue Jays gana (ML),0.5769,0.5187,0.0582,🔴 Riesgo alto,no_data,,,
2026-08-06,,total_under,Under 7.5,0.8482,0.5108,0.3374,🟢 Riesgo bajo,no_data,,,
2026-08-06,,moneyline,Detroit Tigers gana (ML),0.5399,0.4572,0.0827,🟡 Riesgo medio,win,11-0,,
2026-08-06,,total_under,Under 7.5,0.8401,0.4802,0.3599,🟢 Riesgo bajo,loss,11-0,,
2026-08-06,,moneyline,Philadelphia Phillies gana (ML),0.8069,0.7464,0.0605,🟡 Riesgo medio,win,3-7,,
2026-08-06,,total_under,Under 8.5,0.5737,0.4786,0.0951,🟡 Riesgo medio,loss,3-7,,
2026-08-06,,moneyline,Boston Red Sox gana (ML),0.7647,0.6305,0.1342,🟢 Riesgo bajo,win,11-12,,
2026-08-06,,total_under,Under 9.0,0.5414,0.5108,0.0306,🔴 Riesgo alto,loss,11-12,,
2026-08-06,,moneyline,Atlanta Braves gana (ML),0.5412,0.5751,-0.0339,🔴 Riesgo alto,win,3-11,,
2026-08-06,,total_under,Under 9.0,0.6941,0.4783,0.2158,🟢 Riesgo bajo,loss,3-11,,
2026-08-06,,moneyline,Kansas City Royals gana (ML),0.8924,0.5343,0.3581,🟢 Riesgo bajo,loss,4-3,,
2026-08-06,,total_under,Under 9.0,0.6711,0.5217,0.1494,🟢 Riesgo bajo,win,4-3,,
2026-08-06,,moneyline,San Diego Padres gana (ML),0.5338,0.5,0.0338,🔴 Riesgo alto,win,5-1,,
2026-08-06,,total_under,Under 9.0,0.5875,0.5,0.0875,🟡 Riesgo medio,win,5-1,,
2026-08-07,,moneyline,New York Mets gana (ML),0.5337,0.441,0.0927,🟡 Riesgo medio,win,6-4,,
2026-08-07,,total_under,Under 8.5,0.6852,0.5217,0.1635,🟢 Riesgo bajo,loss,6-4,,
2026-08-07,,moneyline,Philadelphia Phillies gana (ML),0.5249,0.6617,-0.1368,🟢 Riesgo bajo,loss,5-4,,
2026-08-07,,total_under,Under 8.0,0.7433,0.5217,0.2216,🟢 Riesgo bajo,loss,5-4,,
2026-08-07,,moneyline,Cincinnati Reds gana (ML),0.5161,0.4762,0.0399,🔴 Riesgo alto,loss,3-5,,
2026-08-07,,total_under,Under 9.0,0.5756,0.5108,0.0648,🟡 Riesgo medio,win,3-5,,
2026-08-07,,moneyline,Atlanta Braves gana (ML),0.5314,0.4227,0.1087,🟡 Riesgo medio,loss,2-3,,
2026-08-07,,total_under,Under 8.5,0.5452,0.5279,0.0173,🔴 Riesgo alto,win,2-3,,
2026-08-07,,moneyline,Boston Red Sox gana (ML),0.9051,0.7106,0.1945,🟢 Riesgo bajo,win,1-13,,
2026-08-07,,total_over,Over 8.5,0.7315,0.4892,0.2423,🟢 Riesgo bajo,win,1-13,,
2026-08-07,,moneyline,Miami Marlins gana (ML),0.8569,0.6047,0.2522,🟢 Riesgo bajo,loss,4-3,,
2026-08-07,,total_under,Under 8.5,0.8733,0.4892,0.3841,🟢 Riesgo bajo,win,4-3,,
2026-08-07,,moneyline,Cleveland Guardians gana (ML),0.6748,0.5667,0.1081,🟡 Riesgo medio,win,8-2,,
2026-08-07,,total_under,Under 8.0,0.548,0.511,0.037,🔴 Riesgo alto,loss,8-2,,
2026-08-07,,moneyline,Milwaukee Brewers gana (ML),0.7719,0.6336,0.1383,🟢 Riesgo bajo,loss,8-6,,
2026-08-07,,total_under,Under 8.0,0.8799,0.5108,0.3691,🟢 Riesgo bajo,loss,8-6,,
2026-08-07,,moneyline,Kansas City Royals gana (ML),0.9434,0.3926,0.5508,🟢 Riesgo bajo,loss,6-4,,
2026-08-07,,total_under,Under 9.5,0.79,0.5227,0.2673,🟢 Riesgo bajo,loss,6-4,,
2026-08-07,,moneyline,Colorado Rockies gana (ML),0.5196,0.3941,0.1255,🟢 Riesgo bajo,loss,2-3,,
2026-08-07,,total_under,Under 8.5,0.5737,0.486,0.0877,🟡 Riesgo medio,win,2-3,,
2026-08-07,,moneyline,Baltimore Orioles gana (ML),0.5486,0.4183,0.1303,🟢 Riesgo bajo,loss,1-2,,
2026-08-07,,total_under,Under 7.5,0.8799,0.4892,0.3907,🟢 Riesgo bajo,win,1-2,,
2026-08-07,,moneyline,Los Angeles Dodgers gana (ML),0.5399,0.6219,-0.082,🟡 Riesgo medio,loss,3-4,,
2026-08-07,,total_under,Under 9.0,0.849,0.4783,0.3707,🟢 Riesgo bajo,win,3-4,,
2026-08-07,,moneyline,San Diego Padres gana (ML),0.8228,0.5327,0.2901,🟢 Riesgo bajo,loss,6-3,,
2026-08-07,,total_over,Over 8.5,0.7246,0.4721,0.2525,🟢 Riesgo bajo,win,6-3,,
2026-08-07,,moneyline,Tampa Bay Rays gana (ML),0.5781,0.4825,0.0956,🟡 Riesgo medio,win,2-1,,
2026-08-07,,total_under,Under 7.0,0.6742,0.5217,0.1525,🟢 Riesgo bajo,win,2-1,,
2026-08-07,,moneyline,Detroit Tigers gana (ML),0.8138,0.5291,0.2847,🟢 Riesgo bajo,loss,2-5,,
2026-08-07,,total_under,Under 8.5,0.5726,0.5108,0.0618,🟡 Riesgo medio,win,2-5,,
2026-08-07,,moneyline,New York Mets gana (ML),0.5337,0.4443,0.0894,🟡 Riesgo medio,win,6-4,,
2026-08-07,,total_under,Under 8.5,0.6852,0.5214,0.1638,🟢 Riesgo bajo,loss,6-4,,
2026-08-07,,moneyline,Philadelphia Phillies gana (ML),0.5249,0.6617,-0.1368,🟢 Riesgo bajo,loss,5-4,,
2026-08-07,,total_under,Under 8.0,0.7433,0.5217,0.2216,🟢 Riesgo bajo,loss,5-4,,
2026-08-07,,moneyline,Cincinnati Reds gana (ML),0.5161,0.4789,0.0372,🔴 Riesgo alto,loss,3-5,,
2026-08-07,,total_under,Under 9.0,0.5756,0.5108,0.0648,🟡 Riesgo medio,win,3-5,,
2026-08-07,,moneyline,Atlanta Braves gana (ML),0.5314,0.4375,0.0939,🟡 Riesgo medio,loss,2-3,,
2026-08-07,,total_under,Under 8.5,0.5452,0.5279,0.0173,🔴 Riesgo alto,win,2-3,,
2026-08-07,,moneyline,Boston Red Sox gana (ML),0.9051,0.7064,0.1987,🟢 Riesgo bajo,win,1-13,,
2026-08-07,,total_over,Over 8.5,0.7315,0.4892,0.2423,🟢 Riesgo bajo,win,1-13,,
2026-08-07,,moneyline,Miami Marlins gana (ML),0.8569,0.5882,0.2687,🟢 Riesgo bajo,loss,4-3,,
2026-08-07,,total_under,Under 8.5,0.8733,0.4892,0.3841,🟢 Riesgo bajo,win,4-3,,
2026-08-07,,moneyline,Cleveland Guardians gana (ML),0.6748,0.5667,0.1081,🟡 Riesgo medio,win,8-2,,
2026-08-07,,total_under,Under 7.5,0.8348,0.4892,0.3456,🟢 Riesgo bajo,loss,8-2,,
2026-08-07,,moneyline,Milwaukee Brewers gana (ML),0.7719,0.6336,0.1383,🟢 Riesgo bajo,loss,8-6,,
2026-08-07,,total_under,Under 8.0,0.8799,0.5108,0.3691,🟢 Riesgo bajo,loss,8-6,,
2026-08-07,,moneyline,Kansas City Royals gana (ML),0.9434,0.392,0.5514,🟢 Riesgo bajo,loss,6-4,,
2026-08-07,,total_under,Under 9.5,0.79,0.5252,0.2648,🟢 Riesgo bajo,loss,6-4,,
2026-08-07,,moneyline,Colorado Rockies gana (ML),0.5196,0.3941,0.1255,🟢 Riesgo bajo,loss,2-3,,
2026-08-07,,total_under,Under 8.5,0.5737,0.4882,0.0855,🟡 Riesgo medio,win,2-3,,
2026-08-07,,moneyline,Baltimore Orioles gana (ML),0.5486,0.4257,0.1229,🟢 Riesgo bajo,loss,1-2,,
2026-08-07,,total_under,Under 7.5,0.8799,0.5217,0.3582,🟢 Riesgo bajo,win,1-2,,
2026-08-07,,moneyline,Los Angeles Dodgers gana (ML),0.5399,0.6225,-0.0826,🟡 Riesgo medio,loss,3-4,,
2026-08-07,,total_under,Under 9.0,0.849,0.4783,0.3707,🟢 Riesgo bajo,win,3-4,,
2026-08-07,,moneyline,San Diego Padres gana (ML),0.8228,0.5168,0.306,🟢 Riesgo bajo,loss,6-3,,
2026-08-07,,total_over,Over 8.5,0.7246,0.4829,0.2417,🟢 Riesgo bajo,win,6-3,,
2026-08-07,,moneyline,Tampa Bay Rays gana (ML),0.5781,0.4813,0.0968,🟡 Riesgo medio,win,2-1,,
2026-08-07,,total_under,Under 7.0,0.6742,0.5174,0.1568,🟢 Riesgo bajo,win,2-1,,
2026-08-07,,moneyline,Detroit Tigers gana (ML),0.8138,0.5557,0.2581,🟢 Riesgo bajo,loss,2-5,,
2026-08-07,,total_under,Under 8.5,0.5726,0.4892,0.0834,🟡 Riesgo medio,win,2-5,,
2026-08-08,,moneyline,Atlanta Braves gana (ML),0.6295,0.5641,0.0654,🟡 Riesgo medio,loss,4-5,,
2026-08-08,,total_under,Under 7.5,0.6404,0.5217,0.1187,🟡 Riesgo medio,loss,4-5,,
2026-08-08,,moneyline,Athletics gana (ML),0.807,0.2938,0.5132,🟢 Riesgo bajo,win,7-3,,
2026-08-08,,total_under,Under 9.0,0.5153,0.4892,0.0261,🔴 Riesgo alto,loss,7-3,,
2026-08-08,,moneyline,Los Angeles Angels gana (ML),0.51,0.4039,0.1061,🟡 Riesgo medio,loss,0-7,,
2026-08-08,,total_under,Under 7.5,0.6931,0.5217,0.1714,🟢 Riesgo bajo,win,0-7,,
2026-08-08,,moneyline,Philadelphia Phillies gana (ML),0.6487,0.6028,0.0459,🔴 Riesgo alto,loss,7-5,,
2026-08-08,,total_under,Under 9.5,0.5421,0.5,0.0421,🔴 Riesgo alto,loss,7-5,,
2026-08-08,,moneyline,New York Mets gana (ML),0.6615,0.4584,0.2031,🟢 Riesgo bajo,loss,0-9,,
2026-08-08,,total_under,Under 9.0,0.7787,0.5075,0.2712,🟢 Riesgo bajo,loss,0-9,,
2026-08-08,,moneyline,Cincinnati Reds gana (ML),0.5903,0.57,0.0203,🔴 Riesgo alto,loss,2-8,,
2026-08-08,,total_under,Under 8.5,0.6357,0.4946,0.1411,🟢 Riesgo bajo,loss,2-8,,
2026-08-08,,moneyline,Chicago Cubs gana (ML),0.7631,0.6059,0.1572,🟢 Riesgo bajo,loss,3-6,,
2026-08-08,,total_under,Under 9.5,0.7066,0.5217,0.1849,🟢 Riesgo bajo,win,3-6,,
2026-08-08,,moneyline,Milwaukee Brewers gana (ML),0.7106,0.5841,0.1265,🟢 Riesgo bajo,win,3-4,,
2026-08-08,,total_under,Under 8.0,0.9118,0.5,0.4118,🟢 Riesgo bajo,win,3-4,,
2026-08-08,,moneyline,Houston Astros gana (ML),0.5818,0.4724,0.1094,🟡 Riesgo medio,loss,2-3,,
2026-08-08,,total_under,Under 8.0,0.548,0.5108,0.0372,🔴 Riesgo alto,win,2-3,,
2026-08-08,,moneyline,Detroit Tigers gana (ML),0.7747,0.5178,0.2569,🟢 Riesgo bajo,win,8-0,,
2026-08-08,,total_under,Under 8.0,0.5522,0.4892,0.063,🟡 Riesgo medio,loss,8-0,,
2026-08-08,,moneyline,St. Louis Cardinals gana (ML),0.6783,0.5868,0.0915,🟡 Riesgo medio,loss,8-6,,
2026-08-08,,total_over,Over 8.5,0.7087,0.5108,0.1979,🟢 Riesgo bajo,win,8-6,,
2026-08-08,,moneyline,Baltimore Orioles gana (ML),0.5436,0.4152,0.1284,🟢 Riesgo bajo,loss,1-5,,
2026-08-08,,total_under,Under 7.5,0.532,0.5108,0.0212,🔴 Riesgo alto,win,1-5,,
2026-08-08,,moneyline,Cleveland Guardians gana (ML),0.5137,0.5457,-0.032,🔴 Riesgo alto,loss,3-6,,
2026-08-08,,total_under,Under 7.5,0.8605,0.5217,0.3388,🟢 Riesgo bajo,loss,3-6,,
2026-08-08,,moneyline,Los Angeles Dodgers gana (ML),0.5757,0.6204,-0.0447,🔴 Riesgo alto,win,2-1,,
2026-08-08,,total_under,Under 8.5,0.5967,0.5108,0.0859,🟡 Riesgo medio,win,2-1,,
2026-08-08,,moneyline,Tampa Bay Rays gana (ML),0.5646,0.477,0.0876,🟡 Riesgo medio,win,3-2,,
2026-08-08,,total_under,Under 7.0,0.5957,0.5108,0.0849,🟡 Riesgo medio,win,3-2,,
2026-08-09,,moneyline,Cincinnati Reds gana (ML),0.5387,0.5037,0.035,🔴 Riesgo alto,loss,1-7,,
2026-08-09,,total_under,Under 9.5,0.5205,0.5108,0.0097,🔴 Riesgo alto,win,1-7,,
2026-08-09,,moneyline,Boston Red Sox gana (ML),0.7033,0.6945,0.0088,🔴 Riesgo alto,loss,4-3,,
2026-08-09,,total_under,Under 9.5,0.5795,0.5,0.0795,🟡 Riesgo medio,win,4-3,,
2026-08-09,,moneyline,Pittsburgh Pirates gana (ML),0.7007,0.5736,0.1271,🟢 Riesgo bajo,loss,11-1,,
2026-08-09,,total_under,Under 8.0,0.9172,0.5115,0.4057,🟢 Riesgo bajo,loss,11-1,,
2026-08-09,,moneyline,Philadelphia Phillies gana (ML),0.6684,0.6576,0.0108,🔴 Riesgo alto,win,6-7,,
2026-08-09,,total_under,Under 8.5,0.8904,0.5108,0.3796,🟢 Riesgo bajo,loss,6-7,,
2026-08-09,,moneyline,New York Yankees gana (ML),0.6171,0.5721,0.045,🔴 Riesgo alto,loss,2-1,,
2026-08-09,,total_under,Under 8.5,0.7304,0.5132,0.2172,🟢 Riesgo bajo,win,2-1,,
2026-08-09,,moneyline,Miami Marlins gana (ML),0.6823,0.5736,0.1087,🟡 Riesgo medio,win,3-12,,
2026-08-09,,total_under,Under 8.5,0.6021,0.5,0.1021,🟡 Riesgo medio,loss,3-12,,
2026-08-09,,moneyline,Kansas City Royals gana (ML),0.6457,0.4058,0.2399,🟢 Riesgo bajo,loss,10-2,,
2026-08-09,,total_under,Under 10.0,0.8927,0.4892,0.4035,🟢 Riesgo bajo,loss,10-2,,
2026-08-09,,moneyline,Chicago White Sox gana (ML),0.6395,0.4856,0.1539,🟢 Riesgo bajo,win,3-5,,
2026-08-09,,total_under,Under 8.5,0.5272,0.512,0.0152,🔴 Riesgo alto,win,3-5,,
2026-08-09,,moneyline,Milwaukee Brewers gana (ML),0.6703,0.7034,-0.0331,🔴 Riesgo alto,win,3-4,,
2026-08-09,,total_under,Under 7.0,0.8578,0.4675,0.3903,🟢 Riesgo bajo,loss,3-4,,
2026-08-09,,moneyline,Colorado Rockies gana (ML),0.5501,0.3951,0.155,🟢 Riesgo bajo,loss,4-7,,
2026-08-09,,total_under,Under 9.0,0.6186,0.4783,0.1403,🟢 Riesgo bajo,loss,4-7,,
2026-08-09,,moneyline,Baltimore Orioles gana (ML),0.5025,0.4474,0.0551,🔴 Riesgo alto,win,10-5,,
2026-08-09,,total_under,Under 8.0,0.6838,0.5,0.1838,🟢 Riesgo bajo,loss,10-5,,
2026-08-09,,moneyline,Detroit Tigers gana (ML),0.799,0.5276,0.2714,🟢 Riesgo bajo,win,3-1,,
2026-08-09,,total_under,Under 7.5,0.5559,0.5325,0.0234,🔴 Riesgo alto,win,3-1,,
2026-08-09,,moneyline,Arizona Diamondbacks gana (ML),0.6482,0.426,0.2222,🟢 Riesgo bajo,win,2-4,,
2026-08-09,,total_under,Under 9.0,0.801,0.5217,0.2793,🟢 Riesgo bajo,win,2-4,,
2026-08-09,,moneyline,Tampa Bay Rays gana (ML),0.5548,0.494,0.0608,🟡 Riesgo medio,win,4-1,,
2026-08-09,,total_under,Under 7.5,0.6522,0.4892,0.163,🟢 Riesgo bajo,win,4-1,,
2026-08-09,,moneyline,Houston Astros gana (ML),0.5432,0.4708,0.0724,🟡 Riesgo medio,loss,2-7,,
2026-08-09,,total_over,Over 8.5,0.7547,0.5108,0.2439,🟢 Riesgo bajo,win,2-7,,
2026-08-10,,moneyline,Boston Red Sox gana (ML),0.8865,0.5855,0.301,🟢 Riesgo bajo,loss,1-2,,
2026-08-10,,total_under,Under 8.5,0.5499,0.511,0.0389,🔴 Riesgo alto,win,1-2,,
2026-08-10,,moneyline,Atlanta Braves gana (ML),0.6189,0.574,0.0449,🔴 Riesgo alto,loss,8-5,,
2026-08-10,,total_under,Under 8.5,0.5688,0.5097,0.0591,🔴 Riesgo alto,loss,8-5,,
2026-08-10,,moneyline,Baltimore Orioles gana (ML),0.6142,0.5164,0.0978,🟡 Riesgo medio,loss,5-9,,
2026-08-10,,total_under,Under 8.5,0.568,0.5097,0.0583,🔴 Riesgo alto,loss,5-9,,
2026-08-10,,moneyline,St. Louis Cardinals gana (ML),0.549,0.4756,0.0734,🟡 Riesgo medio,loss,6-5,,
2026-08-10,,total_under,Under 9.0,0.8465,0.4968,0.3497,🟢 Riesgo bajo,loss,6-5,,
2026-08-10,,moneyline,Texas Rangers gana (ML),0.5212,0.5155,0.0057,🔴 Riesgo alto,win,4-1,,
2026-08-10,,total_under,Under 8.0,0.6302,0.4925,0.1377,🟢 Riesgo bajo,win,4-1,,
2026-08-10,,moneyline,Colorado Rockies gana (ML),0.5064,0.3545,0.1519,🟢 Riesgo bajo,loss,0-9,,
2026-08-10,,total_under,Under 9.0,0.5466,0.5217,0.0249,🔴 Riesgo alto,loss,0-9,,
2026-08-10,,moneyline,Tampa Bay Rays gana (ML),0.6271,0.5905,0.0366,🔴 Riesgo alto,win,10-6,,
2026-08-10,,total_under,Under 10.0,0.5406,0.5152,0.0254,🔴 Riesgo alto,loss,10-6,,
2026-08-10,,moneyline,Milwaukee Brewers gana (ML),0.5744,0.5224,0.052,🔴 Riesgo alto,loss,2-3,,
2026-08-10,,total_under,Under 7.5,0.5511,0.5198,0.0313,🔴 Riesgo alto,win,2-3,,
2026-08-10,,moneyline,Houston Astros gana (ML),0.5622,0.5845,-0.0223,🔴 Riesgo alto,win,6-3,,
2026-08-10,,total_under,Under 8.5,0.6177,0.5043,0.1134,🟡 Riesgo medio,loss,6-3,,
2026-08-10,,moneyline,Los Angeles Dodgers gana (ML),0.5958,0.7261,-0.1303,🟢 Riesgo bajo,win,5-6,,
2026-08-10,,total_under,Under 7.5,0.9025,0.5152,0.3873,🟢 Riesgo bajo,loss,5-6,,
2026-08-11,,moneyline,Detroit Tigers gana (ML),0.5341,0.5397,-0.0056,🔴 Riesgo alto,win,4-6,,
2026-08-11,,total_under,Under 8.0,0.8424,0.4946,0.3478,🟢 Riesgo bajo,loss,4-6,,
2026-08-11,,moneyline,Miami Marlins gana (ML),0.619,0.4813,0.1377,🟢 Riesgo bajo,win,0-2,,
2026-08-11,,total_under,Under 7.0,0.6249,0.5279,0.097,🟡 Riesgo medio,win,0-2,,
2026-08-11,,moneyline,Chicago Cubs gana (ML),0.6388,0.6036,0.0352,🔴 Riesgo alto,win,8-6,,
2026-08-11,,total_under,Under 9.0,0.849,0.4895,0.3595,🟢 Riesgo bajo,loss,8-6,,
2026-08-11,,moneyline,Seattle Mariners gana (ML),0.526,0.4531,0.0729,🟡 Riesgo medio,loss,1-4,,
2026-08-11,,total_under,Under 8.0,0.7735,0.514,0.2595,🟢 Riesgo bajo,win,1-4,,
2026-08-11,,moneyline,Boston Red Sox gana (ML),0.5659,0.4293,0.1366,🟢 Riesgo bajo,loss,3-5,,
2026-08-11,,total_under,Under 7.0,0.5794,0.5032,0.0762,🟡 Riesgo medio,loss,3-5,,
2026-08-11,,moneyline,Atlanta Braves gana (ML),0.6678,0.5462,0.1216,🟢 Riesgo bajo,win,0-4,,
2026-08-11,,total_under,Under 8.5,0.5605,0.5032,0.0573,🔴 Riesgo alto,win,0-4,,
2026-08-11,,moneyline,Baltimore Orioles gana (ML),0.5075,0.4847,0.0228,🔴 Riesgo alto,win,5-2,,
2026-08-11,,total_under,Under 9.5,0.6608,0.5054,0.1554,🟢 Riesgo bajo,win,5-2,,
2026-08-11,,moneyline,Chicago White Sox gana (ML),0.5684,0.5945,-0.0261,🔴 Riesgo alto,loss,5-4,,
2026-08-11,,total_under,Under 7.5,0.608,0.4915,0.1165,🟡 Riesgo medio,loss,5-4,,
2026-08-11,,moneyline,Philadelphia Phillies gana (ML),0.6225,0.6091,0.0134,🔴 Riesgo alto,loss,0-2,,
2026-08-11,,total_under,Under 8.5,0.5981,0.5279,0.0702,🟡 Riesgo medio,win,0-2,,
2026-08-11,,moneyline,Texas Rangers gana (ML),0.8249,0.5652,0.2597,🟢 Riesgo bajo,loss,2-3,,
2026-08-11,,total_under,Under 9.0,0.7166,0.4902,0.2264,🟢 Riesgo bajo,win,2-3,,
2026-08-11,,moneyline,Colorado Rockies gana (ML),0.5366,0.3758,0.1608,🟢 Riesgo bajo,win,3-2,,
2026-08-11,,total_under,Under 9.5,0.8417,0.5171,0.3246,🟢 Riesgo bajo,win,3-2,,
2026-08-11,,moneyline,Tampa Bay Rays gana (ML),0.8183,0.6111,0.2072,🟢 Riesgo bajo,win,12-4,,
2026-08-11,,total_under,Under 10.0,0.6929,0.4945,0.1984,🟢 Riesgo bajo,loss,12-4,,
2026-08-11,,moneyline,Milwaukee Brewers gana (ML),0.6878,0.5592,0.1286,🟢 Riesgo bajo,loss,2-11,,
2026-08-11,,total_under,Under 7.5,0.8428,0.5011,0.3417,🟢 Riesgo bajo,loss,2-11,,
2026-08-11,,moneyline,Houston Astros gana (ML),0.6889,0.6349,0.054,🔴 Riesgo alto,loss,1-4,,
2026-08-11,,total_under,Under 8.0,0.53,0.4892,0.0408,🔴 Riesgo alto,win,1-4,,
2026-08-11,,moneyline,Kansas City Royals gana (ML),0.6604,0.2954,0.365,🟢 Riesgo bajo,loss,4-5,,
2026-08-11,,total_under,Under 8.5,0.5703,0.5098,0.0605,🟡 Riesgo medio,loss,4-5,,
2026-08-12,,moneyline,Baltimore Orioles gana (ML),0.5486,0.4916,0.057,🔴 Riesgo alto,loss,5-7,,
2026-08-12,,total_under,Under 9.0,0.5914,0.5217,0.0697,🟡 Riesgo medio,loss,5-7,,
2026-08-12,,moneyline,Philadelphia Phillies gana (ML),0.5769,0.6008,-0.0239,🔴 Riesgo alto,loss,1-7,,
2026-08-12,,total_under,Under 8.0,0.6399,0.5108,0.1291,🟢 Riesgo bajo,loss,1-7,,
2026-08-12,,moneyline,Tampa Bay Rays gana (ML),0.8765,0.6647,0.2118,🟢 Riesgo bajo,win,8-4,,
2026-08-12,,total_under,Under 9.5,0.8441,0.5217,0.3224,🟢 Riesgo bajo,loss,8-4,,
2026-08-12,,moneyline,Arizona Diamondbacks gana (ML),0.6184,0.6245,-0.0061,🔴 Riesgo alto,loss,6-4,,
2026-08-12,,total_over,Over 9.5,0.7179,0.4783,0.2396,🟢 Riesgo bajo,win,6-4,,
2026-08-12,,moneyline,Houston Astros gana (ML),0.5987,0.5736,0.0251,🔴 Riesgo alto,win,2-1,,
2026-08-12,,total_under,Under 8.5,0.5507,0.5108,0.0399,🔴 Riesgo alto,win,2-1,,
2026-08-12,,moneyline,Milwaukee Brewers gana (ML),0.5465,0.5199,0.0266,🔴 Riesgo alto,loss,3-4,,
2026-08-12,,total_under,Under 8.0,0.5619,0.5,0.0619,🟡 Riesgo medio,win,3-4,,
2026-08-12,,moneyline,Cleveland Guardians gana (ML),0.5477,0.4624,0.0853,🟡 Riesgo medio,win,6-4,,
2026-08-12,,total_under,Under 8.0,0.9145,0.4924,0.4221,🟢 Riesgo bajo,loss,6-4,,
2026-08-12,,moneyline,Pittsburgh Pirates gana (ML),0.5362,0.4903,0.0459,🔴 Riesgo alto,loss,2-8,,
2026-08-12,,total_under,Under 8.5,0.53,0.5236,0.0064,🔴 Riesgo alto,loss,2-8,,
2026-08-12,,moneyline,Chicago Cubs gana (ML),0.5025,0.6006,-0.0981,🟡 Riesgo medio,win,12-6,,
2026-08-12,,total_over,Over 9.5,0.7929,0.5,0.2929,🟢 Riesgo bajo,win,12-6,,
2026-08-12,,moneyline,New York Yankees gana (ML),0.5874,0.5469,0.0405,🔴 Riesgo alto,win,5-10,,
2026-08-12,,total_under,Under 8.5,0.827,0.4675,0.3595,🟢 Riesgo bajo,loss,5-10,,
2026-08-12,,moneyline,Boston Red Sox gana (ML),0.6318,0.5332,0.0986,🟡 Riesgo medio,loss,4-6,,
2026-08-12,,total_under,Under 7.0,0.5071,0.4748,0.0323,🔴 Riesgo alto,loss,4-6,,
2026-08-12,,moneyline,New York Mets gana (ML),0.6365,0.3853,0.2512,🟢 Riesgo bajo,loss,3-6,,
2026-08-12,,total_under,Under 8.5,0.5204,0.4868,0.0336,🔴 Riesgo alto,loss,3-6,,
2026-08-12,,moneyline,Chicago White Sox gana (ML),0.6513,0.5725,0.0788,🟡 Riesgo medio,win,0-5,,
2026-08-12,,total_under,Under 9.0,0.6115,0.5217,0.0898,🟡 Riesgo medio,win,0-5,,
2026-08-12,,moneyline,Kansas City Royals gana (ML),0.5951,0.3375,0.2576,🟢 Riesgo bajo,loss,2-4,,
2026-08-12,,total_under,Under 9.0,0.7129,0.5108,0.2021,🟢 Riesgo bajo,win,2-4,,
2026-08-12,,moneyline,Texas Rangers gana (ML),0.7676,0.5529,0.2147,🟢 Riesgo bajo,loss,2-5,,
2026-08-12,,total_under,Under 9.0,0.6282,0.5195,0.1087,🟡 Riesgo medio,win,2-5,,
2026-08-12,,moneyline,Baltimore Orioles gana (ML),0.5486,0.5,0.0486,🔴 Riesgo alto,loss,5-7,,
2026-08-12,,total_under,Under 9.0,0.5914,0.5217,0.0697,🟡 Riesgo medio,loss,5-7,,
2026-08-12,,moneyline,Philadelphia Phillies gana (ML),0.5769,0.607,-0.0301,🔴 Riesgo alto,loss,1-7,,
2026-08-12,,total_under,Under 8.0,0.6399,0.5325,0.1074,🟡 Riesgo medio,loss,1-7,,
2026-08-12,,moneyline,Tampa Bay Rays gana (ML),0.8765,0.682,0.1945,🟢 Riesgo bajo,win,8-4,,
2026-08-12,,total_under,Under 9.0,0.8441,0.4793,0.3648,🟢 Riesgo bajo,loss,8-4,,
2026-08-12,,moneyline,Arizona Diamondbacks gana (ML),0.6184,0.6214,-0.003,🔴 Riesgo alto,loss,6-4,,
2026-08-12,,total_over,Over 9.0,0.7179,0.5048,0.2131,🟢 Riesgo bajo,win,6-4,,
2026-08-12,,moneyline,Houston Astros gana (ML),0.6154,0.571,0.0444,🔴 Riesgo alto,win,2-1,,
2026-08-12,,total_under,Under 8.0,0.5314,0.4783,0.0531,🔴 Riesgo alto,win,2-1,,
2026-08-12,,moneyline,Milwaukee Brewers gana (ML),0.5465,0.5347,0.0118,🔴 Riesgo alto,loss,3-4,,
2026-08-12,,total_under,Under 8.0,0.5619,0.5108,0.0511,🔴 Riesgo alto,win,3-4,,
2026-08-12,,moneyline,Cleveland Guardians gana (ML),0.5477,0.4614,0.0863,🟡 Riesgo medio,win,6-4,,
2026-08-12,,total_under,Under 8.0,0.9145,0.4924,0.4221,🟢 Riesgo bajo,loss,6-4,,
2026-08-12,,moneyline,Pittsburgh Pirates gana (ML),0.5362,0.4916,0.0446,🔴 Riesgo alto,loss,2-8,,
2026-08-12,,total_under,Under 8.5,0.53,0.5236,0.0064,🔴 Riesgo alto,loss,2-8,,
2026-08-12,,moneyline,Chicago Cubs gana (ML),0.5025,0.6018,-0.0993,🟡 Riesgo medio,win,12-6,,
2026-08-12,,total_over,Over 9.5,0.7929,0.5,0.2929,🟢 Riesgo bajo,win,12-6,,
2026-08-12,,moneyline,New York Yankees gana (ML),0.5874,0.5457,0.0417,🔴 Riesgo alto,win,5-10,,
2026-08-12,,total_under,Under 8.5,0.827,0.4783,0.3487,🟢 Riesgo bajo,loss,5-10,,
2026-08-12,,moneyline,Boston Red Sox gana (ML),0.6318,0.5378,0.094,🟡 Riesgo medio,loss,4-6,,
2026-08-12,,total_under,Under 7.0,0.5071,0.4715,0.0356,🔴 Riesgo alto,loss,4-6,,
2026-08-12,,moneyline,New York Mets gana (ML),0.6365,0.3799,0.2566,🟢 Riesgo bajo,loss,3-6,,
2026-08-12,,total_under,Under 8.5,0.5204,0.488,0.0324,🔴 Riesgo alto,loss,3-6,,
2026-08-12,,moneyline,Chicago White Sox gana (ML),0.6513,0.5725,0.0788,🟡 Riesgo medio,win,0-5,,
2026-08-12,,total_over,Over 8.5,0.7462,0.5306,0.2156,🟢 Riesgo bajo,loss,0-5,,
2026-08-12,,moneyline,Kansas City Royals gana (ML),0.5951,0.3417,0.2534,🟢 Riesgo bajo,loss,2-4,,
2026-08-12,,total_under,Under 9.0,0.7129,0.5108,0.2021,🟢 Riesgo bajo,win,2-4,,
2026-08-12,,moneyline,Texas Rangers gana (ML),0.7676,0.5581,0.2095,🟢 Riesgo bajo,loss,2-5,,
2026-08-12,,total_under,Under 9.0,0.6282,0.5217,0.1065,🟡 Riesgo medio,win,2-5,,
2026-08-13,,moneyline,Detroit Tigers gana (ML),0.5623,0.4647,0.0976,🟡 Riesgo medio,win,0-3,,
2026-08-13,,total_under,Under 8.0,0.6606,0.4895,0.1711,🟢 Riesgo bajo,win,0-3,,
2026-08-13,,moneyline,Pittsburgh Pirates gana (ML),0.5563,0.5353,0.021,🔴 Riesgo alto,win,13-1,,
2026-08-13,,total_under,Under 8.0,0.573,0.4895,0.0835,🟡 Riesgo medio,loss,13-1,,
2026-08-13,,moneyline,Seattle Mariners gana (ML),0.5278,0.4293,0.0985,🟡 Riesgo medio,win,1-0,,
2026-08-13,,total_under,Under 7.5,0.7287,0.5032,0.2255,🟢 Riesgo bajo,win,1-0,,
2026-08-13,,moneyline,Cincinnati Reds gana (ML),0.5859,0.4507,0.1352,🟢 Riesgo bajo,win,9-8,,
2026-08-13,,total_under,Under 8.5,0.5217,0.5,0.0217,🔴 Riesgo alto,loss,9-8,,
2026-08-13,,moneyline,Boston Red Sox gana (ML),0.8803,0.5928,0.2875,🟢 Riesgo bajo,win,7-0,,
2026-08-13,,total_over,Over 8.0,0.7713,0.4924,0.2789,🟢 Riesgo bajo,loss,7-0,,
2026-08-13,,moneyline,Chicago Cubs gana (ML),0.5075,0.5807,-0.0732,🟡 Riesgo medio,loss,0-7,,
2026-08-13,,total_over,Over 8.5,0.7816,0.5252,0.2564,🟢 Riesgo bajo,loss,0-7,,
2026-08-13,,moneyline,Philadelphia Phillies gana (ML),0.5222,0.4988,0.0234,🔴 Riesgo alto,win,7-1,,
2026-08-13,,total_under,Under 8.5,0.5646,0.488,0.0766,🟡 Riesgo medio,win,7-1,,
2026-08-13,,moneyline,Los Angeles Angels gana (ML),0.5611,0.4132,0.1479,🟢 Riesgo bajo,win,0-7,,
2026-08-13,,total_under,Under 7.5,0.6581,0.5108,0.1473,🟢 Riesgo bajo,win,0-7,,
2026-08-13,,moneyline,Milwaukee Brewers gana (ML),0.5337,0.4253,0.1084,🟡 Riesgo medio,win,5-4,,
2026-08-13,,total_under,Under 8.5,0.5026,0.5108,-0.0082,🔴 Riesgo alto,loss,5-4,,
2026-08-14,,moneyline,St. Louis Cardinals gana (ML),0.6927,0.3755,0.3172,🟢 Riesgo bajo,loss,0-3,,
2026-08-14,,total_under,Under 8.0,0.5293,0.5108,0.0185,🔴 Riesgo alto,win,0-3,,
2026-08-14,,moneyline,Cincinnati Reds gana (ML),0.612,0.5187,0.0933,🟡 Riesgo medio,win,0-1,,
2026-08-14,,total_under,Under 8.0,0.7027,0.5217,0.181,🟢 Riesgo bajo,win,0-1,,
2026-08-14,,moneyline,Boston Red Sox gana (ML),0.691,0.5353,0.1557,🟢 Riesgo bajo,loss,4-8,,
2026-08-14,,total_under,Under 8.0,0.8746,0.4892,0.3854,🟢 Riesgo bajo,loss,4-8,,
2026-08-14,,moneyline,Detroit Tigers gana (ML),0.6071,0.5796,0.0275,🔴 Riesgo alto,loss,9-5,,
2026-08-14,,total_under,Under 8.5,0.6729,0.4783,0.1946,🟢 Riesgo bajo,loss,9-5,,
2026-08-14,,moneyline,Washington Nationals gana (ML),0.8131,0.4746,0.3385,🟢 Riesgo bajo,loss,1-4,,
2026-08-14,,total_over,Over 8.5,0.8613,0.5174,0.3439,🟢 Riesgo bajo,loss,1-4,,
2026-08-14,,moneyline,San Diego Padres gana (ML),0.5399,0.4503,0.0896,🟡 Riesgo medio,win,7-5,,
2026-08-14,,total_under,Under 7.5,0.5071,0.5217,-0.0146,🔴 Riesgo alto,loss,7-5,,
2026-08-14,,moneyline,Baltimore Orioles gana (ML),0.5871,0.3902,0.1969,🟢 Riesgo bajo,win,6-5,,
2026-08-14,,total_over,Over 8.5,0.6271,0.4819,0.1452,🟢 Riesgo bajo,win,6-5,,
2026-08-14,,moneyline,Atlanta Braves gana (ML),0.5985,0.6455,-0.047,🔴 Riesgo alto,loss,2-0,,
2026-08-14,,total_under,Under 8.0,0.5772,0.5,0.0772,🟡 Riesgo medio,win,2-0,,
2026-08-14,,moneyline,New York Yankees gana (ML),0.6868,0.5786,0.1082,🟡 Riesgo medio,loss,1-3,,
2026-08-14,,total_under,Under 8.0,0.5744,0.5217,0.0527,🔴 Riesgo alto,win,1-3,,
2026-08-14,,moneyline,Seattle Mariners gana (ML),0.5413,0.4624,0.0789,🟡 Riesgo medio,loss,7-10,,
2026-08-14,,total_under,Under 8.5,0.771,0.5198,0.2512,🟢 Riesgo bajo,loss,7-10,,
2026-08-14,,moneyline,Kansas City Royals gana (ML),0.6704,0.5061,0.1643,🟢 Riesgo bajo,win,7-6,,
2026-08-14,,total_under,Under 8.5,0.5973,0.5,0.0973,🟡 Riesgo medio,loss,7-6,,
2026-08-14,,moneyline,Texas Rangers gana (ML),0.5585,0.5084,0.0501,🔴 Riesgo alto,loss,3-8,,
2026-08-14,,total_under,Under 9.5,0.5466,0.514,0.0326,🔴 Riesgo alto,loss,3-8,,
2026-08-14,,moneyline,Milwaukee Brewers gana (ML),0.5144,0.3682,0.1462,🟢 Riesgo bajo,loss,1-3,,
2026-08-14,,total_under,Under 7.5,0.8911,0.4892,0.4019,🟢 Riesgo bajo,win,1-3,,
2026-08-14,,moneyline,San Francisco Giants gana (ML),0.5799,0.5446,0.0353,🔴 Riesgo alto,loss,5-2,,
2026-08-14,,total_over,Over 7.5,0.6896,0.5,0.1896,🟢 Riesgo bajo,loss,5-2,,
2026-08-15,,moneyline,Chicago White Sox gana (ML),0.5502,0.4343,0.1159,🟡 Riesgo medio,win,4-3,,
2026-08-15,,total_under,Under 7.5,0.8469,0.4826,0.3643,🟢 Riesgo bajo,win,4-3,,
2026-08-15,,moneyline,St. Louis Cardinals gana (ML),0.5697,0.3796,0.1901,🟢 Riesgo bajo,win,8-4,,
2026-08-15,,total_under,Under 9.0,0.5979,0.4945,0.1034,🟡 Riesgo medio,loss,8-4,,
2026-08-15,,moneyline,New York Yankees gana (ML),0.5769,0.6163,-0.0394,🔴 Riesgo alto,loss,1-4,,
2026-08-15,,total_under,Under 7.5,0.6728,0.5217,0.1511,🟢 Riesgo bajo,win,1-4,,
2026-08-15,,moneyline,San Francisco Giants gana (ML),0.6133,0.6154,-0.0021,🔴 Riesgo alto,win,1-7,,
2026-08-15,,total_under,Under 7.5,0.5123,0.4892,0.0231,🔴 Riesgo alto,loss,1-7,,
2026-08-15,,moneyline,Washington Nationals gana (ML),0.5486,0.4337,0.1149,🟡 Riesgo medio,loss,4-5,,
2026-08-15,,total_under,Under 8.0,0.5351,0.5108,0.0243,🔴 Riesgo alto,loss,4-5,,
2026-08-15,,moneyline,Baltimore Orioles gana (ML),0.5628,0.4208,0.142,🟢 Riesgo bajo,win,4-3,,
2026-08-15,,total_over,Over 7.5,0.6417,0.4783,0.1634,🟢 Riesgo bajo,loss,4-3,,
2026-08-15,,moneyline,Miami Marlins gana (ML),0.5349,0.4903,0.0446,🔴 Riesgo alto,win,8-4,,
2026-08-15,,total_under,Under 9.5,0.6085,0.5217,0.0868,🟡 Riesgo medio,loss,8-4,,
2026-08-15,,moneyline,San Diego Padres gana (ML),0.5461,0.47,0.0761,🟡 Riesgo medio,loss,1-6,,
2026-08-15,,total_under,Under 8.5,0.5135,0.5,0.0135,🔴 Riesgo alto,win,1-6,,
2026-08-15,,moneyline,Houston Astros gana (ML),0.6133,0.5312,0.0821,🟡 Riesgo medio,loss,10-5,,
2026-08-15,,total_under,Under 8.5,0.7304,0.5,0.2304,🟢 Riesgo bajo,loss,10-5,,
2026-08-15,,moneyline,Philadelphia Phillies gana (ML),0.6353,0.574,0.0613,🟡 Riesgo medio,win,9-1,,
2026-08-15,,total_under,Under 8.0,0.8825,0.5098,0.3727,🟢 Riesgo bajo,loss,9-1,,
2026-08-15,,moneyline,Boston Red Sox gana (ML),0.7211,0.5397,0.1814,🟢 Riesgo bajo,win,4-0,,
2026-08-15,,total_under,Under 7.5,0.5248,0.4848,0.04,🔴 Riesgo alto,win,4-0,,
2026-08-15,,moneyline,Atlanta Braves gana (ML),0.523,0.5614,-0.0384,🔴 Riesgo alto,loss,10-3,,
2026-08-15,,total_under,Under 9.0,0.8032,0.4925,0.3107,🟢 Riesgo bajo,loss,10-3,,
2026-08-15,,moneyline,Milwaukee Brewers gana (ML),0.5511,0.5464,0.0047,🔴 Riesgo alto,win,4-1,,
2026-08-15,,total_under,Under 7.5,0.6121,0.5108,0.1013,🟡 Riesgo medio,win,4-1,,
2026-08-15,,moneyline,Kansas City Royals gana (ML),0.6525,0.4122,0.2403,🟢 Riesgo bajo,loss,0-1,,
2026-08-15,,total_under,Under 8.0,0.7186,0.4945,0.2241,🟢 Riesgo bajo,win,0-1,,
2026-08-15,,moneyline,Texas Rangers gana (ML),0.579,0.5503,0.0287,🔴 Riesgo alto,win,5-3,,
2026-08-15,,total_under,Under 9.5,0.653,0.5217,0.1313,🟢 Riesgo bajo,win,5-3,,
2026-08-16,,moneyline,Tampa Bay Rays gana (ML),0.5625,0.5667,-0.0042,🔴 Riesgo alto,loss,10-2,,
2026-08-16,,total_over,Over 7.5,0.8072,0.4978,0.3094,🟢 Riesgo bajo,win,10-2,,
2026-08-16,,moneyline,Boston Red Sox gana (ML),0.6023,0.5211,0.0812,🟡 Riesgo medio,loss,3-8,,
2026-08-16,,total_under,Under 8.5,0.5135,0.5217,-0.0082,🔴 Riesgo alto,loss,3-8,,
2026-08-16,,moneyline,Arizona Diamondbacks gana (ML),0.5659,0.4596,0.1063,🟡 Riesgo medio,loss,3-5,,
2026-08-16,,total_under,Under 9.0,0.7154,0.5217,0.1937,🟢 Riesgo bajo,win,3-5,,
2026-08-16,,moneyline,New York Yankees gana (ML),0.5975,0.4668,0.1307,🟢 Riesgo bajo,win,4-3,,
2026-08-16,,total_under,Under 7.0,0.7245,0.5076,0.2169,🟢 Riesgo bajo,loss,4-3,,
2026-08-16,,moneyline,Washington Nationals gana (ML),0.5215,0.3945,0.127,🟢 Riesgo bajo,loss,3-4,,
2026-08-16,,total_over,Over 8.5,0.6959,0.5,0.1959,🟢 Riesgo bajo,loss,3-4,,
2026-08-16,,moneyline,San Diego Padres gana (ML),0.5486,0.5097,0.0389,🔴 Riesgo alto,win,5-0,,
2026-08-16,,total_under,Under 8.5,0.5912,0.5279,0.0633,🟡 Riesgo medio,win,5-0,,
2026-08-16,,moneyline,Chicago White Sox gana (ML),0.583,0.4903,0.0927,🟡 Riesgo medio,win,7-5,,
2026-08-16,,total_under,Under 8.0,0.5383,0.4848,0.0535,🔴 Riesgo alto,loss,7-5,,
2026-08-16,,moneyline,Miami Marlins gana (ML),0.6878,0.5288,0.159,🟢 Riesgo bajo,win,7-1,,
2026-08-16,,total_under,Under 8.5,0.5369,0.4783,0.0586,🔴 Riesgo alto,win,7-1,,
2026-08-16,,moneyline,Minnesota Twins gana (ML),0.5563,0.4893,0.067,🟡 Riesgo medio,loss,7-5,,
2026-08-16,,total_over,Over 9.5,0.6271,0.4783,0.1488,🟢 Riesgo bajo,win,7-5,,
2026-08-16,,moneyline,St. Louis Cardinals gana (ML),0.5075,0.379,0.1285,🟢 Riesgo bajo,win,11-4,,
2026-08-16,,total_under,Under 8.5,0.6353,0.4783,0.157,🟢 Riesgo bajo,loss,11-4,,
2026-08-16,,moneyline,Colorado Rockies gana (ML),0.5248,0.4458,0.079,🟡 Riesgo medio,win,13-7,,
2026-08-16,,total_under,Under 8.0,0.566,0.4802,0.0858,🟡 Riesgo medio,loss,13-7,,
2026-08-16,,moneyline,Texas Rangers gana (ML),0.6868,0.5557,0.1311,🟢 Riesgo bajo,loss,2-5,,
2026-08-16,,total_under,Under 10.0,0.7924,0.5217,0.2707,🟢 Riesgo bajo,win,2-5,,
2026-08-16,,moneyline,Kansas City Royals gana (ML),0.6341,0.5144,0.1197,🟡 Riesgo medio,win,3-0,,
2026-08-16,,total_under,Under 8.5,0.6185,0.4783,0.1402,🟢 Riesgo bajo,win,3-0,,
2026-08-16,,moneyline,Los Angeles Dodgers gana (ML),0.5376,0.6291,-0.0915,🟡 Riesgo medio,loss,6-2,,
2026-08-16,,total_under,Under 7.0,0.6404,0.4675,0.1729,🟢 Riesgo bajo,loss,6-2,,
2026-08-16,,moneyline,Seattle Mariners gana (ML),0.5644,0.4545,0.1099,🟡 Riesgo medio,win,3-2,,
2026-08-16,,total_under,Under 7.5,0.8757,0.4892,0.3865,🟢 Riesgo bajo,win,3-2,,
2026-08-17,,moneyline,St. Louis Cardinals gana (ML),0.6615,0.519,0.1425,🟢 Riesgo bajo,pending,,,
2026-08-17,,total_under,Under 9.5,0.6111,0.5108,0.1003,🟡 Riesgo medio,pending,,,
2026-08-17,,moneyline,St. Louis Cardinals gana (ML),0.712,0.5312,0.1808,🟢 Riesgo bajo,loss,5-6,,
2026-08-17,,total_under,Under 9.0,0.5493,0.4783,0.071,🟡 Riesgo medio,loss,5-6,,
2026-08-17,,moneyline,Tampa Bay Rays gana (ML),0.6052,0.602,0.0032,🔴 Riesgo alto,win,6-7,,
2026-08-17,,total_under,Under 7.5,0.8743,0.4848,0.3895,🟢 Riesgo bajo,loss,6-7,,
2026-08-17,,moneyline,Miami Marlins gana (ML),0.5131,0.3036,0.2095,🟢 Riesgo bajo,loss,5-6,,
2026-08-17,,total_under,Under 8.0,0.53,0.489,0.041,🔴 Riesgo alto,loss,5-6,,
2026-08-17,,moneyline,Pittsburgh Pirates gana (ML),0.5647,0.4951,0.0696,🟡 Riesgo medio,loss,8-5,,
2026-08-17,,total_under,Under 8.0,0.8424,0.4924,0.35,🟢 Riesgo bajo,loss,8-5,,
2026-08-17,,moneyline,Boston Red Sox gana (ML),0.6004,0.5725,0.0279,🔴 Riesgo alto,win,1-11,,
2026-08-17,,total_under,Under 9.0,0.7326,0.5217,0.2109,🟢 Riesgo bajo,loss,1-11,,
2026-08-17,,moneyline,San Diego Padres gana (ML),0.5352,0.4744,0.0608,🟡 Riesgo medio,loss,1-2,,
2026-08-17,,total_under,Under 8.0,0.8539,0.4924,0.3615,🟢 Riesgo bajo,win,1-2,,
2026-08-17,,moneyline,Athletics gana (ML),0.5262,0.3595,0.1667,🟢 Riesgo bajo,loss,5-9,,
2026-08-17,,total_under,Under 9.0,0.9074,0.5022,0.4052,🟢 Riesgo bajo,loss,5-9,,
2026-08-17,,moneyline,Atlanta Braves gana (ML),0.6792,0.5409,0.1383,🟢 Riesgo bajo,loss,2-4,,
2026-08-17,,total_under,Under 9.0,0.6347,0.4739,0.1608,🟢 Riesgo bajo,win,2-4,,
2026-08-17,,moneyline,Chicago White Sox gana (ML),0.5731,0.3939,0.1792,🟢 Riesgo bajo,loss,5-7,,
2026-08-17,,total_over,Over 8.5,0.678,0.4764,0.2016,🟢 Riesgo bajo,win,5-7,,
2026-08-17,,moneyline,Colorado Rockies gana (ML),0.5522,0.2911,0.2611,🟢 Riesgo bajo,loss,11-5,,
2026-08-17,,total_under,Under 11.0,0.7058,0.5055,0.2003,🟢 Riesgo bajo,loss,11-5,,
2026-08-18,,moneyline,Baltimore Orioles gana (ML),0.5196,0.4834,0.0362,🔴 Riesgo alto,loss,3-1,,
2026-08-18,,total_under,Under 8.5,0.633,0.4924,0.1406,🟢 Riesgo bajo,win,3-1,,
2026-08-18,,moneyline,Detroit Tigers gana (ML),0.5337,0.4243,0.1094,🟡 Riesgo medio,loss,1-4,,
2026-08-18,,total_under,Under 8.0,0.5162,0.5038,0.0124,🔴 Riesgo alto,win,1-4,,
2026-08-18,,moneyline,Cleveland Guardians gana (ML),0.5674,0.6438,-0.0764,🟡 Riesgo medio,win,1-8,,
2026-08-18,,total_under,Under 8.0,0.5341,0.4914,0.0427,🔴 Riesgo alto,loss,1-8,,
2026-08-18,,moneyline,St. Louis Cardinals gana (ML),0.6846,0.5276,0.157,🟢 Riesgo bajo,win,3-0,,
2026-08-18,,total_under,Under 8.5,0.5772,0.4903,0.0869,🟡 Riesgo medio,win,3-0,,
2026-08-18,,moneyline,Toronto Blue Jays gana (ML),0.5298,0.4491,0.0807,🟡 Riesgo medio,win,10-5,,
2026-08-18,,total_under,Under 7.5,0.5749,0.5011,0.0738,🟡 Riesgo medio,loss,10-5,,
2026-08-18,,moneyline,Philadelphia Phillies gana (ML),0.5386,0.6835,-0.1449,🟢 Riesgo bajo,win,4-6,,
2026-08-18,,total_under,Under 8.0,0.5709,0.4892,0.0817,🟡 Riesgo medio,loss,4-6,,
2026-08-18,,moneyline,Boston Red Sox gana (ML),0.5044,0.6117,-0.1073,🟡 Riesgo medio,win,4-9,,
2026-08-18,,total_under,Under 8.0,0.5135,0.5055,0.008,🔴 Riesgo alto,loss,4-9,,
2026-08-18,,moneyline,New York Mets gana (ML),0.542,0.4845,0.0575,🔴 Riesgo alto,loss,5-2,,
2026-08-18,,total_under,Under 8.5,0.7199,0.5,0.2199,🟢 Riesgo bajo,win,5-2,,
2026-08-18,,moneyline,Athletics gana (ML),0.5787,0.4305,0.1482,🟢 Riesgo bajo,loss,3-4,,
2026-08-18,,total_under,Under 9.5,0.5247,0.5,0.0247,🔴 Riesgo alto,win,3-4,,
2026-08-18,,moneyline,Atlanta Braves gana (ML),0.5449,0.5428,0.0021,🔴 Riesgo alto,loss,1-4,,
2026-08-18,,total_under,Under 8.5,0.546,0.488,0.058,🔴 Riesgo alto,win,1-4,,
2026-08-18,,moneyline,Seattle Mariners gana (ML),0.5412,0.4121,0.1291,🟢 Riesgo bajo,loss,0-22,,
2026-08-18,,total_under,Under 7.5,0.664,0.4978,0.1662,🟢 Riesgo bajo,loss,0-22,,
2026-08-18,,moneyline,Texas Rangers gana (ML),0.5716,0.5889,-0.0173,🔴 Riesgo alto,win,0-5,,
2026-08-18,,total_under,Under 8.0,0.5426,0.4902,0.0524,🔴 Riesgo alto,win,0-5,,
2026-08-18,,moneyline,Chicago Cubs gana (ML),0.5059,0.6061,-0.1002,🟡 Riesgo medio,win,3-4,,
2026-08-18,,total_under,Under 9.0,0.562,0.5108,0.0512,🔴 Riesgo alto,win,3-4,,
2026-08-18,,moneyline,Houston Astros gana (ML),0.5445,0.6047,-0.0602,🟡 Riesgo medio,loss,3-1,,
2026-08-18,,total_under,Under 9.0,0.5839,0.4902,0.0937,🟡 Riesgo medio,win,3-1,,
2026-08-18,,moneyline,Los Angeles Dodgers gana (ML),0.6236,0.637,-0.0134,🔴 Riesgo alto,win,7-6,,
2026-08-18,,total_under,Under 11.5,0.5638,0.4848,0.079,🟡 Riesgo medio,loss,7-6,,
2026-08-19,,moneyline,Pittsburgh Pirates gana (ML),0.5405,0.5957,-0.0552,🔴 Riesgo alto,pending,,,
2026-08-19,,total_over,Over 8.0,0.6753,0.5,0.1753,🟢 Riesgo bajo,pending,,,
2026-08-19,,moneyline,San Diego Padres gana (ML),0.7658,0.5625,0.2033,🟢 Riesgo bajo,pending,,,
2026-08-19,,total_under,Under 8.5,0.5661,0.4892,0.0769,🟡 Riesgo medio,pending,,,
2026-08-19,,moneyline,Minnesota Twins gana (ML),0.5016,0.4914,0.0102,🔴 Riesgo alto,pending,,,
2026-08-19,,total_under,Under 8.5,0.5369,0.4892,0.0477,🔴 Riesgo alto,pending,,,
2026-08-19,,moneyline,Chicago Cubs gana (ML),0.5153,0.574,-0.0587,🔴 Riesgo alto,pending,,,
2026-08-19,,total_under,Under 8.0,0.6163,0.5108,0.1055,🟡 Riesgo medio,pending,,,
2026-08-19,,moneyline,Boston Red Sox gana (ML),0.5854,0.6049,-0.0195,🔴 Riesgo alto,pending,,,
2026-08-19,,total_under,Under 8.0,0.6946,0.5066,0.188,🟢 Riesgo bajo,pending,,,
2026-08-19,,moneyline,Miami Marlins gana (ML),0.657,0.4559,0.2011,🟢 Riesgo bajo,pending,,,
2026-08-19,,total_under,Under 8.5,0.5345,0.5128,0.0217,🔴 Riesgo alto,pending,,,
2026-08-19,,moneyline,Baltimore Orioles gana (ML),0.5215,0.47,0.0515,🔴 Riesgo alto,pending,,,
2026-08-19,,total_under,Under 9.5,0.5532,0.5217,0.0315,🔴 Riesgo alto,pending,,,
2026-08-19,,moneyline,Cleveland Guardians gana (ML),0.5106,0.6687,-0.1581,🟢 Riesgo bajo,pending,,,
2026-08-19,,total_under,Under 7.5,0.5853,0.5076,0.0777,🟡 Riesgo medio,pending,,,
2026-08-19,,moneyline,Cincinnati Reds gana (ML),0.5648,0.582,-0.0172,🔴 Riesgo alto,pending,,,
2026-08-19,,total_under,Under 8.5,0.6468,0.5108,0.136,🟢 Riesgo bajo,pending,,,
2026-08-19,,moneyline,Toronto Blue Jays gana (ML),0.6454,0.3496,0.2958,🟢 Riesgo bajo,pending,,,
2026-08-19,,total_over,Over 7.5,0.7181,0.4675,0.2506,🟢 Riesgo bajo,pending,,,
2026-08-19,,moneyline,Kansas City Royals gana (ML),0.5364,0.5657,-0.0293,🔴 Riesgo alto,pending,,,
2026-08-19,,total_over,Over 8.5,0.6668,0.4915,0.1753,🟢 Riesgo bajo,pending,,,
2026-08-19,,moneyline,Seattle Mariners gana (ML),0.5297,0.4633,0.0664,🟡 Riesgo medio,pending,,,
2026-08-19,,total_under,Under 7.0,0.9153,0.4783,0.437,🟢 Riesgo bajo,pending,,,
2026-08-19,,moneyline,Washington Nationals gana (ML),0.7027,0.4463,0.2564,🟢 Riesgo bajo,pending,,,
2026-08-19,,total_under,Under 7.5,0.5307,0.4892,0.0415,🔴 Riesgo alto,pending,,,
2026-08-19,,moneyline,Los Angeles Angels gana (ML),0.5572,0.4081,0.1491,🟢 Riesgo bajo,pending,,,
2026-08-19,,total_under,Under 8.5,0.6838,0.4892,0.1946,🟢 Riesgo bajo,pending,,,
2026-08-19,,moneyline,Los Angeles Dodgers gana (ML),0.6942,0.643,0.0512,🔴 Riesgo alto,pending,,,
2026-08-19,,total_under,Under 11.5,0.9125,0.5217,0.3908,🟢 Riesgo bajo,pending,,,
2026-08-19,Detroit Tigers @ Pittsburgh Pirates,moneyline,Detroit Tigers gana (ML),0.565,0.7544,-0.1894,🟢 Riesgo bajo,pending,,,
2026-08-19,Detroit Tigers @ Pittsburgh Pirates,total_under,Under 7.5,0.5212,0.4592,0.062,🟡 Riesgo medio,pending,,,
2026-08-19,San Diego Padres @ New York Mets,moneyline,San Diego Padres gana (ML),0.6737,0.5227,0.151,🟢 Riesgo bajo,pending,,,
2026-08-19,San Diego Padres @ New York Mets,total_over,Over 4.5,0.9187,0.5506,0.3681,🟢 Riesgo bajo,pending,,,
2026-08-19,Atlanta Braves @ Minnesota Twins,moneyline,Atlanta Braves gana (ML),0.5927,0.5296,0.0631,🟡 Riesgo medio,pending,,,
2026-08-19,Atlanta Braves @ Minnesota Twins,total_under,Under 7.5,0.5232,0.5443,-0.0211,🔴 Riesgo alto,pending,,,
2026-08-19,Chicago White Sox @ Chicago Cubs,moneyline,Chicago Cubs gana (ML),0.5166,0.5789,-0.0623,🟡 Riesgo medio,pending,,,
2026-08-19,Chicago White Sox @ Chicago Cubs,total_under,Under 7.5,0.8701,0.4892,0.3809,🟢 Riesgo bajo,pending,,,
2026-08-19,Arizona Diamondbacks @ Boston Red Sox,moneyline,Arizona Diamondbacks gana (ML),0.5662,0.398,0.1682,🟢 Riesgo bajo,pending,,,
2026-08-19,Arizona Diamondbacks @ Boston Red Sox,total_under,Under 8.0,0.6357,0.4885,0.1472,🟢 Riesgo bajo,pending,,0.015,7.5
2026-08-19,Miami Marlins @ Philadelphia Phillies,moneyline,Miami Marlins gana (ML),0.6626,0.4441,0.2185,🟢 Riesgo bajo,pending,,,
2026-08-19,Miami Marlins @ Philadelphia Phillies,total_under,Under 9.0,0.8429,0.5169,0.326,🟢 Riesgo bajo,pending,,,
2026-08-19,New York Yankees @ Baltimore Orioles,moneyline,Baltimore Orioles gana (ML),0.5228,0.471,0.0518,🔴 Riesgo alto,pending,,,
2026-08-19,New York Yankees @ Baltimore Orioles,total_under,Under 9.5,0.505,0.5252,-0.0202,🔴 Riesgo alto,pending,,,
2026-08-19,San Francisco Giants @ Cleveland Guardians,moneyline,Cleveland Guardians gana (ML),0.5034,0.6709,-0.1675,🟢 Riesgo bajo,pending,,,
2026-08-19,San Francisco Giants @ Cleveland Guardians,total_under,Under 7.5,0.6285,0.511,0.1175,🟡 Riesgo medio,pending,,,
2026-08-19,St. Louis Cardinals @ Cincinnati Reds,moneyline,Cincinnati Reds gana (ML),0.5709,0.5782,-0.0073,🔴 Riesgo alto,pending,,,
2026-08-19,St. Louis Cardinals @ Cincinnati Reds,total_under,Under 8.5,0.5619,0.5217,0.0402,🔴 Riesgo alto,pending,,,
2026-08-19,Toronto Blue Jays @ Tampa Bay Rays,moneyline,Toronto Blue Jays gana (ML),0.6539,0.35,0.3039,🟢 Riesgo bajo,pending,,,
2026-08-19,Toronto Blue Jays @ Tampa Bay Rays,total_over,Over 7.5,0.6811,0.4675,0.2136,🟢 Riesgo bajo,pending,,,
2026-08-19,Athletics @ Kansas City Royals,moneyline,Kansas City Royals gana (ML),0.5352,0.6018,-0.0666,🟡 Riesgo medio,pending,,,
2026-08-19,Athletics @ Kansas City Royals,total_over,Over 8.5,0.6464,0.5217,0.1247,🟢 Riesgo bajo,pending,,0.015,7.5
2026-08-19,Seattle Mariners @ Milwaukee Brewers,moneyline,Seattle Mariners gana (ML),0.5297,0.468,0.0617,🟡 Riesgo medio,pending,,,
2026-08-19,Seattle Mariners @ Milwaukee Brewers,total_under,Under 7.0,0.9153,0.4892,0.4261,🟢 Riesgo bajo,pending,,,
2026-08-19,Washington Nationals @ Texas Rangers,moneyline,Washington Nationals gana (ML),0.712,0.4474,0.2646,🟢 Riesgo bajo,pending,,,
2026-08-19,Washington Nationals @ Texas Rangers,total_over,Over 7.5,0.6363,0.5108,0.1255,🟢 Riesgo bajo,pending,,0.015,7.5
2026-08-19,Los Angeles Angels @ Houston Astros,moneyline,Los Angeles Angels gana (ML),0.556,0.4068,0.1492,🟢 Riesgo bajo,pending,,0.015,7.5
2026-08-19,Los Angeles Angels @ Houston Astros,total_under,Under 8.5,0.704,0.4892,0.2148,🟢 Riesgo bajo,pending,,,
2026-08-19,Los Angeles Dodgers @ Colorado Rockies,moneyline,Los Angeles Dodgers gana (ML),0.7251,0.6512,0.0739,🟡 Riesgo medio,pending,,,
2026-08-19,Los Angeles Dodgers @ Colorado Rockies,total_over,Over 11.5,0.6523,0.4783,0.174,🟢 Riesgo bajo,pending,,,
